{"cameraMode":{"drawMode":0,"name":"Shaded","section":"Shading Mode"},"sceneLighting":true,"audioPlay":false,"sceneViewState":{"m_AlwaysRefresh":false,"showFog":true,"showSkybox":true,"showFlares":true,"showImageEffects":true,"showParticleSystems":true,"showVisualEffectGraphs":true,"m_FxEnabled":true},"in2DMode":false,"pivot":{"x":4.019448757171631,"y":4.181499004364014,"z":22.432119369506837},"rotation":{"x":0.007275810930877924,"y":-0.07711061090230942,"z":-0.000563351612072438,"w":-0.996995747089386},"size":13.631683349609375,"orthographic":false}